:START_ID(Device),:END_ID(OS),:TYPE
DEV-HP-0001,OS-UBUNTU-DESKTOP-B54E7F02AC,RUNS_OS
DEV-DELL-0002,OS-UBUNTU-DESKTOP-A1D37501F1,RUNS_OS
DEV-HP-0003,OS-UBUNTU-DESKTOP-B54E7F02AC,RUNS_OS
DEV-LENOVO-0004,OS-UBUNTU-SERVER-1BCEA9FC96,RUNS_OS
DEV-HP-0005,OS-WINDOWS-11-PRO-B2D66AB879,RUNS_OS
DEV-DELL-0006,OS-WINDOWS-10-PRO-AAB5D92960,RUNS_OS
DEV-DELL-0007,OS-WINDOWS-11-PRO-B2D66AB879,RUNS_OS
DEV-HP-0008,OS-WINDOWS-11-PRO-1269917916,RUNS_OS
DEV-DELL-0009,OS-WINDOWS-10-PRO-AAB5D92960,RUNS_OS
DEV-LENOVO-0010,OS-WINDOWS-11-PRO-672DC11645,RUNS_OS
DEV-DELL-0011,OS-WINDOWS-10-ENTERPRISE-A35D8196A3,RUNS_OS
DEV-DELL-0012,OS-WINDOWS-11-ENTERPRISE-C089CE0D9A,RUNS_OS
DEV-DELL-0013,OS-WINDOWS-11-ENTERPRISE-CF8A88145D,RUNS_OS
DEV-LENOVO-0014,OS-WINDOWS-11-ENTERPRISE-07BBFD478A,RUNS_OS
DEV-DELL-0015,OS-UBUNTU-DESKTOP-21DF06D47A,RUNS_OS
DEV-HP-0016,OS-WINDOWS-11-PRO-1269917916,RUNS_OS
DEV-LENOVO-0017,OS-WINDOWS-11-ENTERPRISE-C089CE0D9A,RUNS_OS
DEV-LENOVO-0018,OS-WINDOWS-11-ENTERPRISE-3A2811C2BB,RUNS_OS
DEV-DELL-0019,OS-UBUNTU-AE552B67E3,RUNS_OS
DEV-DELL-0020,OS-WINDOWS-11-ENTERPRISE-DE233B5616,RUNS_OS
DEV-LENOVO-0021,OS-WINDOWS-11-ENTERPRISE-C089CE0D9A,RUNS_OS
DEV-DELL-0022,OS-UBUNTU-513B6BEE81,RUNS_OS
DEV-DELL-0023,OS-WINDOWS-11-PRO-672DC11645,RUNS_OS
DEV-DELL-0024,OS-WINDOWS-10-ENTERPRISE-3CE1ED978A,RUNS_OS
DEV-DELL-0025,OS-WINDOWS-11-PRO-73E6171A33,RUNS_OS
DEV-DELL-0026,OS-WINDOWS-11-ENTERPRISE-B0D0DD8864,RUNS_OS
DEV-LENOVO-0027,OS-WINDOWS-11-ENTERPRISE-C089CE0D9A,RUNS_OS
DEV-HP-0028,OS-WINDOWS-11-ENTERPRISE-DE233B5616,RUNS_OS
DEV-DELL-0029,OS-WINDOWS-11-ENTERPRISE-B0D0DD8864,RUNS_OS
DEV-HP-0030,OS-WINDOWS-10-PRO-095B6AC908,RUNS_OS
DEV-DELL-0031,OS-WINDOWS-11-ENTERPRISE-3A2811C2BB,RUNS_OS
DEV-HP-0032,OS-UBUNTU-DESKTOP-B54E7F02AC,RUNS_OS
DEV-HP-0033,OS-WINDOWS-11-PRO-8FE868DBA6,RUNS_OS
DEV-HP-0034,OS-WINDOWS-10-PRO-095B6AC908,RUNS_OS
DEV-DELL-0035,OS-UBUNTU-AE552B67E3,RUNS_OS
DEV-HP-0036,OS-WINDOWS-11-ENTERPRISE-DE233B5616,RUNS_OS
DEV-DELL-0037,OS-WINDOWS-10-PRO-AAB5D92960,RUNS_OS
DEV-HP-0038,OS-WINDOWS-10-PRO-095B6AC908,RUNS_OS
DEV-DELL-0039,OS-WINDOWS-10-PRO-095B6AC908,RUNS_OS
DEV-HP-0040,OS-UBUNTU-SERVER-E70C97D3E0,RUNS_OS
DEV-DELL-0041,OS-WINDOWS-11-PRO-2276B60211,RUNS_OS
DEV-HP-0042,OS-WINDOWS-10-ENTERPRISE-3CE1ED978A,RUNS_OS
DEV-DELL-0043,OS-WINDOWS-10-PRO-095B6AC908,RUNS_OS
DEV-DELL-0044,OS-UBUNTU-76BB700725,RUNS_OS
DEV-HP-0045,OS-WINDOWS-10-PRO-095B6AC908,RUNS_OS
DEV-DELL-0046,OS-WINDOWS-11-PRO-672DC11645,RUNS_OS
DEV-DELL-0047,OS-WINDOWS-11-ENTERPRISE-B0D0DD8864,RUNS_OS
DEV-DELL-0048,OS-WINDOWS-11-PRO-2276B60211,RUNS_OS
DEV-DELL-0049,OS-WINDOWS-11-PRO-2276B60211,RUNS_OS
DEV-DELL-0050,OS-WINDOWS-10-ENTERPRISE-A35D8196A3,RUNS_OS
DEV-LENOVO-0051,OS-WINDOWS-11-PRO-8FE868DBA6,RUNS_OS
DEV-DELL-0052,OS-UBUNTU-3BECE88A0B,RUNS_OS
DEV-LENOVO-0053,OS-UBUNTU-DESKTOP-A1D37501F1,RUNS_OS
DEV-HP-0054,OS-WINDOWS-10-PRO-095B6AC908,RUNS_OS
DEV-DELL-0055,OS-WINDOWS-11-PRO-672DC11645,RUNS_OS
DEV-LENOVO-0056,OS-WINDOWS-10-PRO-AAB5D92960,RUNS_OS
DEV-DELL-0057,OS-WINDOWS-10-ENTERPRISE-3CE1ED978A,RUNS_OS
DEV-DELL-0058,OS-WINDOWS-11-PRO-B2D66AB879,RUNS_OS
DEV-DELL-0059,OS-WINDOWS-10-ENTERPRISE-A35D8196A3,RUNS_OS
DEV-DELL-0060,OS-WINDOWS-11-PRO-2276B60211,RUNS_OS
DEV-LENOVO-0061,OS-WINDOWS-11-ENTERPRISE-3A2811C2BB,RUNS_OS
DEV-DELL-0062,OS-WINDOWS-11-ENTERPRISE-3A2811C2BB,RUNS_OS
DEV-HP-0063,OS-WINDOWS-10-ENTERPRISE-3CE1ED978A,RUNS_OS
DEV-LENOVO-0064,OS-WINDOWS-11-ENTERPRISE-C089CE0D9A,RUNS_OS
DEV-DELL-0065,OS-WINDOWS-11-ENTERPRISE-07BBFD478A,RUNS_OS
DEV-DELL-0066,OS-WINDOWS-10-ENTERPRISE-A35D8196A3,RUNS_OS
DEV-HP-0067,OS-WINDOWS-11-ENTERPRISE-07BBFD478A,RUNS_OS
DEV-LENOVO-0068,OS-WINDOWS-11-PRO-2276B60211,RUNS_OS
DEV-DELL-0069,OS-WINDOWS-11-ENTERPRISE-DE233B5616,RUNS_OS
DEV-LENOVO-0070,OS-UBUNTU-SERVER-9482B39985,RUNS_OS
DEV-HP-0071,OS-WINDOWS-10-ENTERPRISE-A35D8196A3,RUNS_OS
DEV-DELL-0072,OS-WINDOWS-10-ENTERPRISE-A35D8196A3,RUNS_OS
DEV-LENOVO-0073,OS-WINDOWS-11-ENTERPRISE-CF8A88145D,RUNS_OS
DEV-DELL-0074,OS-WINDOWS-11-ENTERPRISE-C089CE0D9A,RUNS_OS
DEV-HP-0075,OS-WINDOWS-11-ENTERPRISE-07BBFD478A,RUNS_OS
DEV-DELL-0076,OS-WINDOWS-10-PRO-095B6AC908,RUNS_OS
DEV-DELL-0077,OS-UBUNTU-76BB700725,RUNS_OS
DEV-DELL-0078,OS-WINDOWS-10-ENTERPRISE-3CE1ED978A,RUNS_OS
DEV-HP-0079,OS-WINDOWS-11-ENTERPRISE-C089CE0D9A,RUNS_OS
DEV-DELL-0080,OS-WINDOWS-10-PRO-095B6AC908,RUNS_OS
DEV-HP-0081,OS-WINDOWS-11-PRO-B2D66AB879,RUNS_OS
DEV-HP-0082,OS-WINDOWS-10-PRO-095B6AC908,RUNS_OS
DEV-DELL-0083,OS-WINDOWS-11-ENTERPRISE-C089CE0D9A,RUNS_OS
DEV-LENOVO-0084,OS-WINDOWS-11-ENTERPRISE-3A2811C2BB,RUNS_OS
DEV-HP-0085,OS-WINDOWS-11-ENTERPRISE-C089CE0D9A,RUNS_OS
DEV-DELL-0086,OS-WINDOWS-11-PRO-8FE868DBA6,RUNS_OS
DEV-HP-0087,OS-UBUNTU-SERVER-7FBB02F7B9,RUNS_OS
DEV-DELL-0088,OS-WINDOWS-10-PRO-095B6AC908,RUNS_OS
DEV-LENOVO-0089,OS-WINDOWS-11-ENTERPRISE-DE233B5616,RUNS_OS
DEV-LENOVO-0090,OS-WINDOWS-10-ENTERPRISE-A35D8196A3,RUNS_OS
DEV-DELL-0091,OS-WINDOWS-11-ENTERPRISE-07BBFD478A,RUNS_OS
DEV-DELL-0092,OS-WINDOWS-11-ENTERPRISE-07BBFD478A,RUNS_OS
DEV-HP-0093,OS-WINDOWS-11-PRO-73E6171A33,RUNS_OS
DEV-DELL-0094,OS-WINDOWS-10-ENTERPRISE-A35D8196A3,RUNS_OS
DEV-DELL-0095,OS-WINDOWS-11-PRO-73E6171A33,RUNS_OS
DEV-LENOVO-0096,OS-WINDOWS-11-PRO-2276B60211,RUNS_OS
DEV-DELL-0097,OS-UBUNTU-76BB700725,RUNS_OS
DEV-HP-0098,OS-WINDOWS-10-PRO-AAB5D92960,RUNS_OS
DEV-DELL-0099,OS-WINDOWS-10-ENTERPRISE-3CE1ED978A,RUNS_OS
DEV-DELL-0100,OS-WINDOWS-10-PRO-095B6AC908,RUNS_OS
DEV-LENOVO-0101,OS-WINDOWS-10-PRO-AAB5D92960,RUNS_OS
DEV-HP-0102,OS-WINDOWS-11-PRO-8FE868DBA6,RUNS_OS
DEV-LENOVO-0103,OS-UBUNTU-SERVER-BBD997DA1D,RUNS_OS
DEV-DELL-0104,OS-WINDOWS-11-PRO-2276B60211,RUNS_OS
DEV-DELL-0105,OS-UBUNTU-DESKTOP-F07B5BB52D,RUNS_OS
DEV-DELL-0106,OS-WINDOWS-11-PRO-73E6171A33,RUNS_OS
DEV-HP-0107,OS-WINDOWS-11-PRO-B2D66AB879,RUNS_OS
DEV-HP-0108,OS-WINDOWS-10-ENTERPRISE-3CE1ED978A,RUNS_OS
DEV-HP-0109,OS-WINDOWS-11-PRO-73E6171A33,RUNS_OS
DEV-DELL-0110,OS-WINDOWS-11-ENTERPRISE-C089CE0D9A,RUNS_OS
DEV-LENOVO-0111,OS-UBUNTU-513B6BEE81,RUNS_OS
DEV-DELL-0112,OS-UBUNTU-DESKTOP-A1D37501F1,RUNS_OS
DEV-DELL-0113,OS-WINDOWS-11-ENTERPRISE-DE233B5616,RUNS_OS
DEV-DELL-0114,OS-WINDOWS-11-PRO-672DC11645,RUNS_OS
DEV-LENOVO-0115,OS-WINDOWS-11-PRO-8FE868DBA6,RUNS_OS
DEV-LENOVO-0116,OS-WINDOWS-10-PRO-AAB5D92960,RUNS_OS
DEV-HP-0117,OS-WINDOWS-11-PRO-2276B60211,RUNS_OS
DEV-DELL-0118,OS-WINDOWS-10-PRO-095B6AC908,RUNS_OS
DEV-LENOVO-0119,OS-UBUNTU-SERVER-7FBB02F7B9,RUNS_OS
DEV-LENOVO-0120,OS-WINDOWS-11-ENTERPRISE-07BBFD478A,RUNS_OS
DEV-DELL-0121,OS-WINDOWS-11-ENTERPRISE-DE233B5616,RUNS_OS
DEV-DELL-0122,OS-WINDOWS-11-ENTERPRISE-3A2811C2BB,RUNS_OS
DEV-LENOVO-0123,OS-UBUNTU-SERVER-E70C97D3E0,RUNS_OS
DEV-DELL-0124,OS-WINDOWS-11-ENTERPRISE-07BBFD478A,RUNS_OS
DEV-DELL-0125,OS-UBUNTU-DESKTOP-A687227C8B,RUNS_OS
DEV-HP-0126,OS-WINDOWS-11-ENTERPRISE-C089CE0D9A,RUNS_OS
DEV-DELL-0127,OS-WINDOWS-11-ENTERPRISE-C089CE0D9A,RUNS_OS
DEV-DELL-0128,OS-WINDOWS-11-PRO-2276B60211,RUNS_OS
DEV-LENOVO-0129,OS-UBUNTU-SERVER-E70C97D3E0,RUNS_OS
DEV-DELL-0130,OS-WINDOWS-10-PRO-095B6AC908,RUNS_OS
DEV-HP-0131,OS-UBUNTU-3BECE88A0B,RUNS_OS
DEV-DELL-0132,OS-WINDOWS-10-PRO-AAB5D92960,RUNS_OS
DEV-HP-0133,OS-WINDOWS-11-ENTERPRISE-07BBFD478A,RUNS_OS
DEV-DELL-0134,OS-WINDOWS-10-ENTERPRISE-3CE1ED978A,RUNS_OS
DEV-DELL-0135,OS-UBUNTU-F95D8AE775,RUNS_OS
DEV-LENOVO-0136,OS-WINDOWS-11-PRO-2276B60211,RUNS_OS
DEV-DELL-0137,OS-WINDOWS-10-PRO-AAB5D92960,RUNS_OS
DEV-HP-0138,OS-UBUNTU-76BB700725,RUNS_OS
DEV-HP-0139,OS-UBUNTU-13169BE25D,RUNS_OS
DEV-DELL-0140,OS-WINDOWS-11-ENTERPRISE-07BBFD478A,RUNS_OS
DEV-HP-0141,OS-WINDOWS-11-PRO-2276B60211,RUNS_OS
DEV-DELL-0142,OS-WINDOWS-11-ENTERPRISE-3A2811C2BB,RUNS_OS
DEV-DELL-0143,OS-WINDOWS-10-ENTERPRISE-3CE1ED978A,RUNS_OS
DEV-DELL-0144,OS-WINDOWS-10-PRO-AAB5D92960,RUNS_OS
DEV-HP-0145,OS-WINDOWS-11-PRO-672DC11645,RUNS_OS
DEV-DELL-0146,OS-WINDOWS-11-PRO-73E6171A33,RUNS_OS
DEV-DELL-0147,OS-WINDOWS-10-ENTERPRISE-3CE1ED978A,RUNS_OS
DEV-DELL-0148,OS-WINDOWS-11-PRO-8FE868DBA6,RUNS_OS
DEV-DELL-0149,OS-UBUNTU-DESKTOP-B54E7F02AC,RUNS_OS
DEV-HP-0150,OS-WINDOWS-11-ENTERPRISE-07BBFD478A,RUNS_OS
DEV-DELL-0151,OS-UBUNTU-DESKTOP-21DF06D47A,RUNS_OS
DEV-LENOVO-0152,OS-UBUNTU-F95D8AE775,RUNS_OS
DEV-DELL-0153,OS-WINDOWS-10-ENTERPRISE-A35D8196A3,RUNS_OS
DEV-HP-0154,OS-WINDOWS-11-PRO-672DC11645,RUNS_OS
DEV-HP-0155,OS-WINDOWS-11-ENTERPRISE-DE233B5616,RUNS_OS
DEV-LENOVO-0156,OS-WINDOWS-11-PRO-73E6171A33,RUNS_OS
DEV-DELL-0157,OS-WINDOWS-11-PRO-672DC11645,RUNS_OS
DEV-LENOVO-0158,OS-UBUNTU-SERVER-1BCEA9FC96,RUNS_OS
DEV-DELL-0159,OS-WINDOWS-11-ENTERPRISE-07BBFD478A,RUNS_OS
DEV-HP-0160,OS-WINDOWS-10-ENTERPRISE-A35D8196A3,RUNS_OS
DEV-HP-0161,OS-WINDOWS-11-ENTERPRISE-DE233B5616,RUNS_OS
DEV-DELL-0162,OS-UBUNTU-SERVER-1BCEA9FC96,RUNS_OS
DEV-HP-0163,OS-WINDOWS-10-PRO-AAB5D92960,RUNS_OS
DEV-LENOVO-0164,OS-UBUNTU-SERVER-E70C97D3E0,RUNS_OS
DEV-LENOVO-0165,OS-WINDOWS-11-PRO-8FE868DBA6,RUNS_OS
DEV-DELL-0166,OS-WINDOWS-10-ENTERPRISE-A35D8196A3,RUNS_OS
DEV-DELL-0167,OS-UBUNTU-3BECE88A0B,RUNS_OS
DEV-DELL-0168,OS-WINDOWS-10-ENTERPRISE-3CE1ED978A,RUNS_OS
DEV-LENOVO-0169,OS-WINDOWS-10-ENTERPRISE-3CE1ED978A,RUNS_OS
DEV-LENOVO-0170,OS-WINDOWS-10-ENTERPRISE-3CE1ED978A,RUNS_OS
DEV-HP-0171,OS-WINDOWS-11-ENTERPRISE-DE233B5616,RUNS_OS
DEV-DELL-0172,OS-WINDOWS-10-ENTERPRISE-A35D8196A3,RUNS_OS
DEV-LENOVO-0173,OS-UBUNTU-F95D8AE775,RUNS_OS
DEV-LENOVO-0174,OS-UBUNTU-13169BE25D,RUNS_OS
DEV-DELL-0175,OS-UBUNTU-SERVER-9482B39985,RUNS_OS
DEV-LENOVO-0176,OS-UBUNTU-SERVER-E70C97D3E0,RUNS_OS
DEV-HP-0177,OS-WINDOWS-11-ENTERPRISE-DE233B5616,RUNS_OS
DEV-HP-0178,OS-WINDOWS-10-PRO-AAB5D92960,RUNS_OS
DEV-HP-0179,OS-WINDOWS-11-ENTERPRISE-DE233B5616,RUNS_OS
DEV-DELL-0180,OS-WINDOWS-11-ENTERPRISE-3A2811C2BB,RUNS_OS
DEV-LENOVO-0181,OS-WINDOWS-10-PRO-095B6AC908,RUNS_OS
DEV-DELL-0182,OS-WINDOWS-11-PRO-1269917916,RUNS_OS
DEV-LENOVO-0183,OS-WINDOWS-11-ENTERPRISE-C089CE0D9A,RUNS_OS
DEV-HP-0184,OS-WINDOWS-10-PRO-095B6AC908,RUNS_OS
DEV-DELL-0185,OS-WINDOWS-10-ENTERPRISE-3CE1ED978A,RUNS_OS
DEV-HP-0186,OS-WINDOWS-11-PRO-672DC11645,RUNS_OS
DEV-HP-0187,OS-WINDOWS-10-PRO-095B6AC908,RUNS_OS
DEV-DELL-0188,OS-WINDOWS-11-PRO-73E6171A33,RUNS_OS
DEV-DELL-0189,OS-WINDOWS-11-ENTERPRISE-DE233B5616,RUNS_OS
DEV-DELL-0190,OS-WINDOWS-10-ENTERPRISE-A35D8196A3,RUNS_OS
DEV-DELL-0191,OS-WINDOWS-10-PRO-AAB5D92960,RUNS_OS
DEV-LENOVO-0192,OS-WINDOWS-10-PRO-095B6AC908,RUNS_OS
DEV-DELL-0193,OS-WINDOWS-10-PRO-095B6AC908,RUNS_OS
DEV-DELL-0194,OS-WINDOWS-11-ENTERPRISE-3A2811C2BB,RUNS_OS
DEV-DELL-0195,OS-UBUNTU-DESKTOP-A1D37501F1,RUNS_OS
DEV-HP-0196,OS-WINDOWS-11-PRO-B2D66AB879,RUNS_OS
DEV-DELL-0197,OS-WINDOWS-10-ENTERPRISE-3CE1ED978A,RUNS_OS
DEV-HP-0198,OS-WINDOWS-11-PRO-672DC11645,RUNS_OS
DEV-LENOVO-0199,OS-WINDOWS-11-ENTERPRISE-07BBFD478A,RUNS_OS
DEV-DELL-0200,OS-UBUNTU-SERVER-BBD997DA1D,RUNS_OS
DEV-DELL-0201,OS-UBUNTU-SERVER-1BCEA9FC96,RUNS_OS
DEV-HP-0202,OS-WINDOWS-11-PRO-1269917916,RUNS_OS
DEV-LENOVO-0203,OS-WINDOWS-10-PRO-AAB5D92960,RUNS_OS
DEV-LENOVO-0204,OS-WINDOWS-11-ENTERPRISE-07BBFD478A,RUNS_OS
DEV-DELL-0205,OS-WINDOWS-11-ENTERPRISE-CF8A88145D,RUNS_OS
DEV-DELL-0206,OS-WINDOWS-11-ENTERPRISE-DE233B5616,RUNS_OS
DEV-DELL-0207,OS-UBUNTU-SERVER-1BCEA9FC96,RUNS_OS
DEV-LENOVO-0208,OS-WINDOWS-11-PRO-73E6171A33,RUNS_OS
DEV-DELL-0209,OS-UBUNTU-SERVER-E70C97D3E0,RUNS_OS
DEV-DELL-0210,OS-UBUNTU-DESKTOP-A687227C8B,RUNS_OS
DEV-DELL-0211,OS-WINDOWS-11-ENTERPRISE-C089CE0D9A,RUNS_OS
DEV-LENOVO-0212,OS-WINDOWS-11-ENTERPRISE-3A2811C2BB,RUNS_OS
DEV-LENOVO-0213,OS-UBUNTU-SERVER-1BCEA9FC96,RUNS_OS
DEV-DELL-0214,OS-WINDOWS-11-ENTERPRISE-07BBFD478A,RUNS_OS
DEV-DELL-0215,OS-WINDOWS-11-ENTERPRISE-C089CE0D9A,RUNS_OS
DEV-HP-0216,OS-WINDOWS-11-ENTERPRISE-3A2811C2BB,RUNS_OS
DEV-HP-0217,OS-WINDOWS-10-PRO-AAB5D92960,RUNS_OS
DEV-DELL-0218,OS-WINDOWS-10-PRO-AAB5D92960,RUNS_OS
DEV-DELL-0219,OS-WINDOWS-10-PRO-AAB5D92960,RUNS_OS
DEV-LENOVO-0220,OS-WINDOWS-11-PRO-2276B60211,RUNS_OS
DEV-HP-0221,OS-WINDOWS-10-ENTERPRISE-3CE1ED978A,RUNS_OS
DEV-HP-0222,OS-WINDOWS-11-ENTERPRISE-3A2811C2BB,RUNS_OS
DEV-DELL-0223,OS-WINDOWS-10-ENTERPRISE-A35D8196A3,RUNS_OS
DEV-DELL-0224,OS-WINDOWS-11-ENTERPRISE-B0D0DD8864,RUNS_OS
DEV-LENOVO-0225,OS-WINDOWS-10-PRO-AAB5D92960,RUNS_OS
DEV-HP-0226,OS-UBUNTU-SERVER-9482B39985,RUNS_OS
DEV-HP-0227,OS-WINDOWS-10-PRO-095B6AC908,RUNS_OS
DEV-DELL-0228,OS-WINDOWS-11-PRO-B2D66AB879,RUNS_OS
DEV-HP-0229,OS-WINDOWS-11-ENTERPRISE-DE233B5616,RUNS_OS
DEV-DELL-0230,OS-WINDOWS-10-PRO-095B6AC908,RUNS_OS
DEV-HP-0231,OS-WINDOWS-11-ENTERPRISE-3A2811C2BB,RUNS_OS
DEV-DELL-0232,OS-WINDOWS-11-ENTERPRISE-B0D0DD8864,RUNS_OS
DEV-LENOVO-0233,OS-WINDOWS-11-ENTERPRISE-07BBFD478A,RUNS_OS
DEV-DELL-0234,OS-WINDOWS-11-ENTERPRISE-07BBFD478A,RUNS_OS
DEV-HP-0235,OS-WINDOWS-11-PRO-73E6171A33,RUNS_OS
DEV-DELL-0236,OS-WINDOWS-11-ENTERPRISE-07BBFD478A,RUNS_OS
DEV-HP-0237,OS-WINDOWS-11-ENTERPRISE-07BBFD478A,RUNS_OS
DEV-DELL-0238,OS-WINDOWS-11-PRO-B2D66AB879,RUNS_OS
DEV-DELL-0239,OS-WINDOWS-10-PRO-095B6AC908,RUNS_OS
DEV-HP-0240,OS-WINDOWS-11-ENTERPRISE-CF8A88145D,RUNS_OS
DEV-LENOVO-0241,OS-WINDOWS-10-ENTERPRISE-3CE1ED978A,RUNS_OS
DEV-DELL-0242,OS-UBUNTU-SERVER-7FBB02F7B9,RUNS_OS
DEV-HP-0243,OS-WINDOWS-11-PRO-1269917916,RUNS_OS
DEV-LENOVO-0244,OS-WINDOWS-11-ENTERPRISE-CF8A88145D,RUNS_OS
DEV-DELL-0245,OS-WINDOWS-11-ENTERPRISE-C089CE0D9A,RUNS_OS
DEV-DELL-0246,OS-WINDOWS-10-ENTERPRISE-A35D8196A3,RUNS_OS
DEV-LENOVO-0247,OS-WINDOWS-11-PRO-1269917916,RUNS_OS
DEV-HP-0248,OS-WINDOWS-10-ENTERPRISE-3CE1ED978A,RUNS_OS
DEV-DELL-0249,OS-WINDOWS-11-PRO-2276B60211,RUNS_OS
DEV-DELL-0250,OS-WINDOWS-10-ENTERPRISE-A35D8196A3,RUNS_OS
DEV-DELL-0251,OS-WINDOWS-10-ENTERPRISE-3CE1ED978A,RUNS_OS
DEV-DELL-0252,OS-UBUNTU-DESKTOP-9607900E74,RUNS_OS
DEV-LENOVO-0253,OS-UBUNTU-DESKTOP-B54E7F02AC,RUNS_OS
DEV-DELL-0254,OS-WINDOWS-10-PRO-095B6AC908,RUNS_OS
DEV-DELL-0255,OS-WINDOWS-11-PRO-73E6171A33,RUNS_OS
DEV-LENOVO-0256,OS-WINDOWS-10-PRO-AAB5D92960,RUNS_OS
DEV-DELL-0257,OS-UBUNTU-513B6BEE81,RUNS_OS
DEV-LENOVO-0258,OS-WINDOWS-11-ENTERPRISE-DE233B5616,RUNS_OS
DEV-DELL-0259,OS-WINDOWS-10-ENTERPRISE-3CE1ED978A,RUNS_OS
DEV-HP-0260,OS-WINDOWS-10-ENTERPRISE-3CE1ED978A,RUNS_OS
DEV-HP-0261,OS-WINDOWS-10-PRO-AAB5D92960,RUNS_OS
DEV-DELL-0262,OS-WINDOWS-10-PRO-095B6AC908,RUNS_OS
DEV-DELL-0263,OS-WINDOWS-11-ENTERPRISE-B0D0DD8864,RUNS_OS
DEV-HP-0264,OS-WINDOWS-11-PRO-2276B60211,RUNS_OS
DEV-LENOVO-0265,OS-WINDOWS-11-PRO-1269917916,RUNS_OS
DEV-HP-0266,OS-WINDOWS-11-ENTERPRISE-B0D0DD8864,RUNS_OS
DEV-DELL-0267,OS-WINDOWS-11-ENTERPRISE-07BBFD478A,RUNS_OS
DEV-HP-0268,OS-WINDOWS-11-PRO-2276B60211,RUNS_OS
DEV-LENOVO-0269,OS-WINDOWS-11-PRO-1269917916,RUNS_OS
DEV-DELL-0270,OS-WINDOWS-10-PRO-095B6AC908,RUNS_OS
DEV-DELL-0271,OS-UBUNTU-SERVER-9C674A9A3E,RUNS_OS
DEV-DELL-0272,OS-UBUNTU-3BECE88A0B,RUNS_OS
DEV-LENOVO-0273,OS-WINDOWS-11-ENTERPRISE-CF8A88145D,RUNS_OS
DEV-LENOVO-0274,OS-WINDOWS-11-PRO-73E6171A33,RUNS_OS
DEV-HP-0275,OS-WINDOWS-11-ENTERPRISE-07BBFD478A,RUNS_OS
DEV-DELL-0276,OS-UBUNTU-DESKTOP-9607900E74,RUNS_OS
DEV-HP-0277,OS-WINDOWS-10-PRO-AAB5D92960,RUNS_OS
DEV-DELL-0278,OS-WINDOWS-11-ENTERPRISE-DE233B5616,RUNS_OS
DEV-LENOVO-0279,OS-UBUNTU-AE552B67E3,RUNS_OS
DEV-HP-0280,OS-WINDOWS-10-ENTERPRISE-3CE1ED978A,RUNS_OS
DEV-DELL-0281,OS-WINDOWS-11-PRO-672DC11645,RUNS_OS
DEV-LENOVO-0282,OS-WINDOWS-11-ENTERPRISE-B0D0DD8864,RUNS_OS
DEV-LENOVO-0283,OS-WINDOWS-11-ENTERPRISE-DE233B5616,RUNS_OS
DEV-LENOVO-0284,OS-WINDOWS-10-ENTERPRISE-A35D8196A3,RUNS_OS
DEV-LENOVO-0285,OS-WINDOWS-10-ENTERPRISE-3CE1ED978A,RUNS_OS
DEV-DELL-0286,OS-UBUNTU-3BECE88A0B,RUNS_OS
DEV-DELL-0287,OS-WINDOWS-10-PRO-095B6AC908,RUNS_OS
DEV-DELL-0288,OS-WINDOWS-11-PRO-672DC11645,RUNS_OS
DEV-DELL-0289,OS-WINDOWS-11-ENTERPRISE-3A2811C2BB,RUNS_OS
DEV-LENOVO-0290,OS-WINDOWS-11-ENTERPRISE-B0D0DD8864,RUNS_OS
DEV-LENOVO-0291,OS-WINDOWS-11-PRO-73E6171A33,RUNS_OS
DEV-LENOVO-0292,OS-WINDOWS-11-PRO-1269917916,RUNS_OS
DEV-HP-0293,OS-WINDOWS-10-PRO-AAB5D92960,RUNS_OS
DEV-DELL-0294,OS-WINDOWS-11-ENTERPRISE-DE233B5616,RUNS_OS
DEV-HP-0295,OS-UBUNTU-13169BE25D,RUNS_OS
DEV-HP-0296,OS-UBUNTU-13169BE25D,RUNS_OS
DEV-DELL-0297,OS-WINDOWS-11-ENTERPRISE-C089CE0D9A,RUNS_OS
DEV-LENOVO-0298,OS-UBUNTU-DESKTOP-F07B5BB52D,RUNS_OS
DEV-LENOVO-0299,OS-UBUNTU-13169BE25D,RUNS_OS
DEV-HP-0300,OS-WINDOWS-11-ENTERPRISE-07BBFD478A,RUNS_OS
DEV-DELL-0301,OS-UBUNTU-DESKTOP-9607900E74,RUNS_OS
DEV-HP-0302,OS-WINDOWS-10-PRO-AAB5D92960,RUNS_OS
DEV-DELL-0303,OS-WINDOWS-10-PRO-AAB5D92960,RUNS_OS
DEV-HP-0304,OS-WINDOWS-11-PRO-73E6171A33,RUNS_OS
DEV-HP-0305,OS-WINDOWS-10-ENTERPRISE-3CE1ED978A,RUNS_OS
DEV-LENOVO-0306,OS-WINDOWS-10-ENTERPRISE-3CE1ED978A,RUNS_OS
DEV-LENOVO-0307,OS-WINDOWS-11-PRO-B2D66AB879,RUNS_OS
DEV-LENOVO-0308,OS-WINDOWS-10-ENTERPRISE-A35D8196A3,RUNS_OS
DEV-HP-0309,OS-WINDOWS-10-PRO-AAB5D92960,RUNS_OS
DEV-HP-0310,OS-WINDOWS-11-ENTERPRISE-CF8A88145D,RUNS_OS
DEV-DELL-0311,OS-WINDOWS-11-ENTERPRISE-3A2811C2BB,RUNS_OS
DEV-HP-0312,OS-WINDOWS-11-ENTERPRISE-3A2811C2BB,RUNS_OS
DEV-HP-0313,OS-WINDOWS-11-PRO-B2D66AB879,RUNS_OS
DEV-DELL-0314,OS-WINDOWS-10-ENTERPRISE-A35D8196A3,RUNS_OS
DEV-HP-0315,OS-WINDOWS-11-PRO-B2D66AB879,RUNS_OS
DEV-DELL-0316,OS-UBUNTU-3BECE88A0B,RUNS_OS
DEV-LENOVO-0317,OS-WINDOWS-10-PRO-095B6AC908,RUNS_OS
DEV-HP-0318,OS-WINDOWS-11-ENTERPRISE-C089CE0D9A,RUNS_OS
DEV-LENOVO-0319,OS-WINDOWS-10-PRO-AAB5D92960,RUNS_OS
DEV-DELL-0320,OS-WINDOWS-11-PRO-73E6171A33,RUNS_OS
DEV-LENOVO-0321,OS-WINDOWS-11-ENTERPRISE-3A2811C2BB,RUNS_OS
DEV-LENOVO-0322,OS-UBUNTU-513B6BEE81,RUNS_OS
DEV-HP-0323,OS-UBUNTU-DESKTOP-9607900E74,RUNS_OS
DEV-DELL-0324,OS-WINDOWS-10-ENTERPRISE-3CE1ED978A,RUNS_OS
DEV-LENOVO-0325,OS-WINDOWS-11-PRO-2276B60211,RUNS_OS
DEV-DELL-0326,OS-WINDOWS-11-PRO-73E6171A33,RUNS_OS
DEV-HP-0327,OS-UBUNTU-DESKTOP-9607900E74,RUNS_OS
DEV-HP-0328,OS-WINDOWS-10-PRO-095B6AC908,RUNS_OS
DEV-DELL-0329,OS-WINDOWS-10-ENTERPRISE-A35D8196A3,RUNS_OS
DEV-HP-0330,OS-WINDOWS-11-ENTERPRISE-CF8A88145D,RUNS_OS
DEV-HP-0331,OS-UBUNTU-DESKTOP-B54E7F02AC,RUNS_OS
DEV-HP-0332,OS-WINDOWS-11-ENTERPRISE-07BBFD478A,RUNS_OS
DEV-HP-0333,OS-WINDOWS-11-PRO-8FE868DBA6,RUNS_OS
DEV-HP-0334,OS-UBUNTU-DESKTOP-A687227C8B,RUNS_OS
DEV-LENOVO-0335,OS-WINDOWS-10-PRO-095B6AC908,RUNS_OS
DEV-LENOVO-0336,OS-WINDOWS-11-PRO-2276B60211,RUNS_OS
DEV-DELL-0337,OS-WINDOWS-11-PRO-73E6171A33,RUNS_OS
DEV-HP-0338,OS-UBUNTU-AE552B67E3,RUNS_OS
DEV-HP-0339,OS-WINDOWS-10-ENTERPRISE-A35D8196A3,RUNS_OS
DEV-HP-0340,OS-WINDOWS-11-PRO-672DC11645,RUNS_OS
DEV-LENOVO-0341,OS-WINDOWS-11-PRO-8FE868DBA6,RUNS_OS
DEV-DELL-0342,OS-WINDOWS-11-ENTERPRISE-07BBFD478A,RUNS_OS
DEV-DELL-0343,OS-WINDOWS-10-ENTERPRISE-A35D8196A3,RUNS_OS
DEV-DELL-0344,OS-WINDOWS-11-ENTERPRISE-DE233B5616,RUNS_OS
DEV-HP-0345,OS-WINDOWS-11-ENTERPRISE-DE233B5616,RUNS_OS
DEV-DELL-0346,OS-UBUNTU-SERVER-E70C97D3E0,RUNS_OS
DEV-HP-0347,OS-WINDOWS-10-PRO-AAB5D92960,RUNS_OS
DEV-HP-0348,OS-WINDOWS-11-PRO-672DC11645,RUNS_OS
DEV-DELL-0349,OS-WINDOWS-11-PRO-73E6171A33,RUNS_OS
DEV-DELL-0350,OS-WINDOWS-11-ENTERPRISE-B0D0DD8864,RUNS_OS
DEV-LENOVO-0351,OS-WINDOWS-11-ENTERPRISE-07BBFD478A,RUNS_OS
DEV-DELL-0352,OS-WINDOWS-10-ENTERPRISE-A35D8196A3,RUNS_OS
DEV-DELL-0353,OS-UBUNTU-SERVER-7FBB02F7B9,RUNS_OS
DEV-LENOVO-0354,OS-UBUNTU-DESKTOP-A687227C8B,RUNS_OS
DEV-LENOVO-0355,OS-WINDOWS-11-ENTERPRISE-07BBFD478A,RUNS_OS
DEV-DELL-0356,OS-UBUNTU-AE552B67E3,RUNS_OS
DEV-LENOVO-0357,OS-UBUNTU-SERVER-1BCEA9FC96,RUNS_OS
DEV-LENOVO-0358,OS-WINDOWS-11-ENTERPRISE-B0D0DD8864,RUNS_OS
DEV-DELL-0359,OS-WINDOWS-11-PRO-1269917916,RUNS_OS
DEV-HP-0360,OS-WINDOWS-11-PRO-1269917916,RUNS_OS
DEV-HP-0361,OS-WINDOWS-10-PRO-095B6AC908,RUNS_OS
DEV-LENOVO-0362,OS-WINDOWS-11-ENTERPRISE-07BBFD478A,RUNS_OS
DEV-DELL-0363,OS-WINDOWS-11-PRO-672DC11645,RUNS_OS
DEV-DELL-0364,OS-UBUNTU-13169BE25D,RUNS_OS
DEV-LENOVO-0365,OS-UBUNTU-76BB700725,RUNS_OS
DEV-DELL-0366,OS-WINDOWS-11-ENTERPRISE-B0D0DD8864,RUNS_OS
DEV-LENOVO-0367,OS-WINDOWS-11-ENTERPRISE-3A2811C2BB,RUNS_OS
DEV-HP-0368,OS-WINDOWS-11-PRO-8FE868DBA6,RUNS_OS
DEV-HP-0369,OS-UBUNTU-DESKTOP-9607900E74,RUNS_OS
DEV-HP-0370,OS-WINDOWS-11-ENTERPRISE-DE233B5616,RUNS_OS
DEV-LENOVO-0371,OS-WINDOWS-11-ENTERPRISE-07BBFD478A,RUNS_OS
DEV-DELL-0372,OS-WINDOWS-11-ENTERPRISE-B0D0DD8864,RUNS_OS
DEV-LENOVO-0373,OS-WINDOWS-11-PRO-8FE868DBA6,RUNS_OS
DEV-DELL-0374,OS-WINDOWS-11-ENTERPRISE-07BBFD478A,RUNS_OS
DEV-LENOVO-0375,OS-WINDOWS-11-PRO-8FE868DBA6,RUNS_OS
DEV-DELL-0376,OS-WINDOWS-11-PRO-8FE868DBA6,RUNS_OS
DEV-DELL-0377,OS-WINDOWS-11-ENTERPRISE-3A2811C2BB,RUNS_OS
DEV-HP-0378,OS-WINDOWS-10-PRO-095B6AC908,RUNS_OS
DEV-LENOVO-0379,OS-WINDOWS-10-ENTERPRISE-A35D8196A3,RUNS_OS
DEV-LENOVO-0380,OS-WINDOWS-11-PRO-2276B60211,RUNS_OS
DEV-DELL-0381,OS-WINDOWS-10-PRO-AAB5D92960,RUNS_OS
DEV-DELL-0382,OS-UBUNTU-DESKTOP-21DF06D47A,RUNS_OS
DEV-LENOVO-0383,OS-WINDOWS-11-PRO-1269917916,RUNS_OS
DEV-HP-0384,OS-WINDOWS-11-ENTERPRISE-07BBFD478A,RUNS_OS
DEV-HP-0385,OS-WINDOWS-11-PRO-8FE868DBA6,RUNS_OS
DEV-DELL-0386,OS-WINDOWS-11-ENTERPRISE-B0D0DD8864,RUNS_OS
DEV-DELL-0387,OS-WINDOWS-10-ENTERPRISE-A35D8196A3,RUNS_OS
DEV-DELL-0388,OS-WINDOWS-11-ENTERPRISE-07BBFD478A,RUNS_OS
DEV-LENOVO-0389,OS-WINDOWS-11-ENTERPRISE-CF8A88145D,RUNS_OS
DEV-LENOVO-0390,OS-WINDOWS-10-ENTERPRISE-3CE1ED978A,RUNS_OS
DEV-HP-0391,OS-WINDOWS-10-ENTERPRISE-3CE1ED978A,RUNS_OS
DEV-LENOVO-0392,OS-WINDOWS-10-PRO-AAB5D92960,RUNS_OS
DEV-DELL-0393,OS-WINDOWS-11-ENTERPRISE-CF8A88145D,RUNS_OS
DEV-HP-0394,OS-WINDOWS-10-PRO-AAB5D92960,RUNS_OS
DEV-LENOVO-0395,OS-WINDOWS-10-PRO-095B6AC908,RUNS_OS
DEV-HP-0396,OS-WINDOWS-10-ENTERPRISE-3CE1ED978A,RUNS_OS
DEV-LENOVO-0397,OS-WINDOWS-11-PRO-2276B60211,RUNS_OS
DEV-DELL-0398,OS-UBUNTU-DESKTOP-A687227C8B,RUNS_OS
DEV-HP-0399,OS-UBUNTU-513B6BEE81,RUNS_OS
DEV-HP-0400,OS-WINDOWS-11-PRO-2276B60211,RUNS_OS
DEV-HP-0401,OS-WINDOWS-11-ENTERPRISE-C089CE0D9A,RUNS_OS
DEV-DELL-0402,OS-WINDOWS-10-PRO-095B6AC908,RUNS_OS
DEV-DELL-0403,OS-WINDOWS-11-ENTERPRISE-DE233B5616,RUNS_OS
DEV-LENOVO-0404,OS-WINDOWS-11-ENTERPRISE-07BBFD478A,RUNS_OS
DEV-LENOVO-0405,OS-UBUNTU-SERVER-7FBB02F7B9,RUNS_OS
DEV-HP-0406,OS-UBUNTU-F95D8AE775,RUNS_OS
DEV-LENOVO-0407,OS-WINDOWS-11-ENTERPRISE-07BBFD478A,RUNS_OS
DEV-HP-0408,OS-UBUNTU-13169BE25D,RUNS_OS
DEV-DELL-0409,OS-UBUNTU-F95D8AE775,RUNS_OS
DEV-HP-0410,OS-UBUNTU-76BB700725,RUNS_OS
DEV-HP-0411,OS-WINDOWS-10-PRO-095B6AC908,RUNS_OS
DEV-LENOVO-0412,OS-WINDOWS-11-PRO-672DC11645,RUNS_OS
DEV-HP-0413,OS-WINDOWS-10-ENTERPRISE-A35D8196A3,RUNS_OS
DEV-DELL-0414,OS-WINDOWS-11-ENTERPRISE-07BBFD478A,RUNS_OS
DEV-DELL-0415,OS-WINDOWS-11-PRO-8FE868DBA6,RUNS_OS
DEV-DELL-0416,OS-UBUNTU-13169BE25D,RUNS_OS
DEV-HP-0417,OS-WINDOWS-10-ENTERPRISE-A35D8196A3,RUNS_OS
DEV-HP-0418,OS-WINDOWS-11-PRO-672DC11645,RUNS_OS
DEV-LENOVO-0419,OS-WINDOWS-10-ENTERPRISE-A35D8196A3,RUNS_OS
DEV-DELL-0420,OS-WINDOWS-10-PRO-095B6AC908,RUNS_OS
DEV-DELL-0421,OS-WINDOWS-10-PRO-AAB5D92960,RUNS_OS
DEV-LENOVO-0422,OS-WINDOWS-11-ENTERPRISE-B0D0DD8864,RUNS_OS
DEV-LENOVO-0423,OS-UBUNTU-F95D8AE775,RUNS_OS
DEV-DELL-0424,OS-WINDOWS-11-ENTERPRISE-C089CE0D9A,RUNS_OS
DEV-HP-0425,OS-UBUNTU-F95D8AE775,RUNS_OS
DEV-DELL-0426,OS-WINDOWS-11-PRO-73E6171A33,RUNS_OS
DEV-HP-0427,OS-WINDOWS-10-ENTERPRISE-A35D8196A3,RUNS_OS
DEV-HP-0428,OS-WINDOWS-11-ENTERPRISE-3A2811C2BB,RUNS_OS
DEV-DELL-0429,OS-WINDOWS-11-PRO-8FE868DBA6,RUNS_OS
DEV-HP-0430,OS-WINDOWS-10-PRO-AAB5D92960,RUNS_OS
DEV-HP-0431,OS-WINDOWS-11-ENTERPRISE-07BBFD478A,RUNS_OS
DEV-LENOVO-0432,OS-WINDOWS-11-PRO-1269917916,RUNS_OS
DEV-DELL-0433,OS-UBUNTU-AE552B67E3,RUNS_OS
DEV-HP-0434,OS-WINDOWS-10-PRO-AAB5D92960,RUNS_OS
DEV-DELL-0435,OS-WINDOWS-10-ENTERPRISE-3CE1ED978A,RUNS_OS
DEV-HP-0436,OS-WINDOWS-11-PRO-1269917916,RUNS_OS
DEV-LENOVO-0437,OS-WINDOWS-11-PRO-73E6171A33,RUNS_OS
DEV-HP-0438,OS-WINDOWS-11-ENTERPRISE-07BBFD478A,RUNS_OS
DEV-HP-0439,OS-UBUNTU-DESKTOP-A1D37501F1,RUNS_OS
DEV-LENOVO-0440,OS-WINDOWS-11-ENTERPRISE-DE233B5616,RUNS_OS
DEV-DELL-0441,OS-WINDOWS-11-PRO-672DC11645,RUNS_OS
DEV-HP-0442,OS-WINDOWS-11-ENTERPRISE-3A2811C2BB,RUNS_OS
DEV-DELL-0443,OS-WINDOWS-11-ENTERPRISE-B0D0DD8864,RUNS_OS
DEV-LENOVO-0444,OS-WINDOWS-10-ENTERPRISE-3CE1ED978A,RUNS_OS
DEV-HP-0445,OS-WINDOWS-10-ENTERPRISE-3CE1ED978A,RUNS_OS
DEV-HP-0446,OS-WINDOWS-11-PRO-1269917916,RUNS_OS
DEV-DELL-0447,OS-WINDOWS-11-ENTERPRISE-DE233B5616,RUNS_OS
DEV-DELL-0448,OS-UBUNTU-513B6BEE81,RUNS_OS
DEV-DELL-0449,OS-WINDOWS-10-ENTERPRISE-A35D8196A3,RUNS_OS
DEV-HP-0450,OS-UBUNTU-DESKTOP-F07B5BB52D,RUNS_OS
DEV-DELL-0451,OS-WINDOWS-11-ENTERPRISE-DE233B5616,RUNS_OS
DEV-LENOVO-0452,OS-WINDOWS-11-ENTERPRISE-B0D0DD8864,RUNS_OS
DEV-DELL-0453,OS-WINDOWS-11-PRO-1269917916,RUNS_OS
DEV-DELL-0454,OS-UBUNTU-SERVER-9482B39985,RUNS_OS
DEV-HP-0455,OS-WINDOWS-10-ENTERPRISE-A35D8196A3,RUNS_OS
DEV-HP-0456,OS-WINDOWS-11-PRO-2276B60211,RUNS_OS
DEV-DELL-0457,OS-WINDOWS-11-ENTERPRISE-07BBFD478A,RUNS_OS
DEV-LENOVO-0458,OS-UBUNTU-DESKTOP-A687227C8B,RUNS_OS
DEV-LENOVO-0459,OS-WINDOWS-11-PRO-B2D66AB879,RUNS_OS
DEV-DELL-0460,OS-WINDOWS-11-ENTERPRISE-B0D0DD8864,RUNS_OS
DEV-DELL-0461,OS-WINDOWS-10-PRO-AAB5D92960,RUNS_OS
DEV-LENOVO-0462,OS-WINDOWS-10-ENTERPRISE-3CE1ED978A,RUNS_OS
DEV-DELL-0463,OS-WINDOWS-10-ENTERPRISE-A35D8196A3,RUNS_OS
DEV-LENOVO-0464,OS-WINDOWS-11-ENTERPRISE-B0D0DD8864,RUNS_OS
DEV-DELL-0465,OS-WINDOWS-10-ENTERPRISE-3CE1ED978A,RUNS_OS
DEV-HP-0466,OS-WINDOWS-11-ENTERPRISE-DE233B5616,RUNS_OS
DEV-DELL-0467,OS-WINDOWS-10-ENTERPRISE-3CE1ED978A,RUNS_OS
DEV-DELL-0468,OS-UBUNTU-DESKTOP-9607900E74,RUNS_OS
DEV-DELL-0469,OS-WINDOWS-11-PRO-B2D66AB879,RUNS_OS
DEV-HP-0470,OS-WINDOWS-10-PRO-AAB5D92960,RUNS_OS
DEV-HP-0471,OS-WINDOWS-10-PRO-095B6AC908,RUNS_OS
DEV-HP-0472,OS-UBUNTU-F95D8AE775,RUNS_OS
DEV-DELL-0473,OS-WINDOWS-11-ENTERPRISE-3A2811C2BB,RUNS_OS
DEV-DELL-0474,OS-WINDOWS-11-PRO-2276B60211,RUNS_OS
DEV-DELL-0475,OS-WINDOWS-11-PRO-1269917916,RUNS_OS
DEV-HP-0476,OS-WINDOWS-10-ENTERPRISE-3CE1ED978A,RUNS_OS
DEV-HP-0477,OS-WINDOWS-10-ENTERPRISE-3CE1ED978A,RUNS_OS
DEV-LENOVO-0478,OS-WINDOWS-10-ENTERPRISE-A35D8196A3,RUNS_OS
DEV-DELL-0479,OS-WINDOWS-10-ENTERPRISE-3CE1ED978A,RUNS_OS
DEV-LENOVO-0480,OS-WINDOWS-10-PRO-AAB5D92960,RUNS_OS
DEV-LENOVO-0481,OS-WINDOWS-10-PRO-095B6AC908,RUNS_OS
DEV-LENOVO-0482,OS-WINDOWS-10-ENTERPRISE-A35D8196A3,RUNS_OS
DEV-DELL-0483,OS-WINDOWS-10-ENTERPRISE-A35D8196A3,RUNS_OS
DEV-DELL-0484,OS-WINDOWS-10-ENTERPRISE-3CE1ED978A,RUNS_OS
DEV-DELL-0485,OS-WINDOWS-10-PRO-095B6AC908,RUNS_OS
DEV-DELL-0486,OS-WINDOWS-10-PRO-AAB5D92960,RUNS_OS
DEV-LENOVO-0487,OS-WINDOWS-11-ENTERPRISE-B0D0DD8864,RUNS_OS
DEV-LENOVO-0488,OS-WINDOWS-11-PRO-B2D66AB879,RUNS_OS
DEV-HP-0489,OS-WINDOWS-11-ENTERPRISE-CF8A88145D,RUNS_OS
DEV-DELL-0490,OS-WINDOWS-11-PRO-B2D66AB879,RUNS_OS
DEV-HP-0491,OS-UBUNTU-DESKTOP-B54E7F02AC,RUNS_OS
DEV-DELL-0492,OS-WINDOWS-11-PRO-2276B60211,RUNS_OS
DEV-HP-0493,OS-WINDOWS-11-ENTERPRISE-C089CE0D9A,RUNS_OS
DEV-LENOVO-0494,OS-WINDOWS-11-PRO-1269917916,RUNS_OS
DEV-DELL-0495,OS-UBUNTU-76BB700725,RUNS_OS
DEV-HP-0496,OS-WINDOWS-10-ENTERPRISE-A35D8196A3,RUNS_OS
DEV-DELL-0497,OS-UBUNTU-SERVER-9C674A9A3E,RUNS_OS
DEV-HP-0498,OS-WINDOWS-11-PRO-2276B60211,RUNS_OS
DEV-LENOVO-0499,OS-WINDOWS-11-PRO-73E6171A33,RUNS_OS
DEV-DELL-0500,OS-UBUNTU-DESKTOP-A1D37501F1,RUNS_OS
